_id,player_id,player_name,country,type,rank,points,movement,lastUpdated,createdAt,updatedAt
67e0b844f1520764b1dbaac0,2072,Jannik Sinner,Italy,ATP,1,11330,0,2025-03-24T01:41:24.177Z,2025-03-24T01:41:24.191Z,2025-03-24T01:41:24.191Z
67e0b844f1520764b1dbaac1,1980,Alexander Zverev,Germany,ATP,2,7945,0,2025-03-24T01:41:24.177Z,2025-03-24T01:41:24.191Z,2025-03-24T01:41:24.191Z
67e0b844f1520764b1dbaac2,2382,Carlos Alcaraz,Spain,ATP,3,6910,0,2025-03-24T01:41:24.177Z,2025-03-24T01:41:24.191Z,2025-03-24T01:41:24.191Z
67e0b844f1520764b1dbaac3,2832,Taylor Fritz,USA,ATP,4,4900,0,2025-03-24T01:41:24.178Z,2025-03-24T01:41:24.191Z,2025-03-24T01:41:24.191Z
67e0b844f1520764b1dbaac4,1905,Novak Djokovic,Serbia,ATP,5,3860,-2,2025-03-24T01:41:24.178Z,2025-03-24T01:41:24.191Z,2025-03-24T01:41:24.191Z
67e0b844f1520764b1dbaac5,430,Casper Ruud,Norway,ATP,6,3855,2,2025-03-24T01:41:24.178Z,2025-03-24T01:41:24.191Z,2025-03-24T01:41:24.191Z
67e0b844f1520764b1dbaac6,7011,Jack Draper,United Kingdom,ATP,7,3800,-3,2025-03-24T01:41:24.178Z,2025-03-24T01:41:24.191Z,2025-03-24T01:41:24.191Z
67e0b844f1520764b1dbaac7,1093,Daniil Medvedev,World,ATP,8,3680,1,2025-03-24T01:41:24.178Z,2025-03-24T01:41:24.191Z,2025-03-24T01:41:24.191Z
67e0b844f1520764b1dbaac8,2847,Andrey Rublev,World,ATP,9,3440,3,2025-03-24T01:41:24.178Z,2025-03-24T01:41:24.191Z,2025-03-24T01:41:24.191Z
67e0b844f1520764b1dbaac9,1906,Stefanos Tsitsipas,Greece,ATP,10,3405,1,2025-03-24T01:41:24.178Z,2025-03-24T01:41:24.191Z,2025-03-24T01:41:24.191Z
67e0b844f1520764b1dbaaca,1106,Alex De Minaur,Australia,ATP,11,3335,3,2025-03-24T01:41:24.178Z,2025-03-24T01:41:24.191Z,2025-03-24T01:41:24.191Z
67e0b844f1520764b1dbaacb,437,Holger Rune,Denmark,ATP,12,3270,-3,2025-03-24T01:41:24.178Z,2025-03-24T01:41:24.191Z,2025-03-24T01:41:24.191Z
67e0b844f1520764b1dbaacc,1894,Tommy Paul,USA,ATP,13,3030,2,2025-03-24T01:41:24.178Z,2025-03-24T01:41:24.191Z,2025-03-24T01:41:24.191Z
67e0b844f1520764b1dbaacd,2973,Ben Shelton,USA,ATP,14,2980,1,2025-03-24T01:41:24.178Z,2025-03-24T01:41:24.191Z,2025-03-24T01:41:24.191Z
67e0b844f1520764b1dbaace,2384,Grigor Dimitrov,Bulgaria,ATP,15,2745,0,2025-03-24T01:41:24.178Z,2025-03-24T01:41:24.191Z,2025-03-24T01:41:24.191Z
67e0b844f1520764b1dbaacf,2849,Lorenzo Musetti,Italy,ATP,16,2650,0,2025-03-24T01:41:24.178Z,2025-03-24T01:41:24.191Z,2025-03-24T01:41:24.191Z
67e0b844f1520764b1dbaad0,2846,Frances Tiafoe,USA,ATP,17,2485,0,2025-03-24T01:41:24.178Z,2025-03-24T01:41:24.191Z,2025-03-24T01:41:24.191Z
67e0b844f1520764b1dbaad1,1759,Arthur Fils,France,ATP,18,2480,-3,2025-03-24T01:41:24.178Z,2025-03-24T01:41:24.191Z,2025-03-24T01:41:24.191Z
67e0b844f1520764b1dbaad2,2073,Felix Auger-Aliassime,Canada,ATP,19,2415,1,2025-03-24T01:41:24.178Z,2025-03-24T01:41:24.191Z,2025-03-24T01:41:24.191Z
67e0b844f1520764b1dbaad3,1105,Ugo Humbert,France,ATP,20,2375,1,2025-03-24T01:41:24.178Z,2025-03-24T01:41:24.191Z,2025-03-24T01:41:24.191Z
67e0b844f1520764b1dbaad4,2981,Tomas Machac,Czech Republic,ATP,21,2310,2,2025-03-24T01:41:24.178Z,2025-03-24T01:41:24.191Z,2025-03-24T01:41:24.191Z
67e0b844f1520764b1dbaad5,2841,Hubert Hurkacz,Poland,ATP,22,2205,0,2025-03-24T01:41:24.178Z,2025-03-24T01:41:24.191Z,2025-03-24T01:41:24.191Z
67e0b844f1520764b1dbaad6,435,Karen Khachanov,World,ATP,23,2000,0,2025-03-24T01:41:24.178Z,2025-03-24T01:41:24.191Z,2025-03-24T01:41:24.191Z
67e0b844f1520764b1dbaad7,1104,Francisco Cerundolo,Argentina,ATP,24,1925,-2,2025-03-24T01:41:24.178Z,2025-03-24T01:41:24.191Z,2025-03-24T01:41:24.191Z
67e0b844f1520764b1dbaad8,2840,Sebastian Korda,USA,ATP,25,1860,0,2025-03-24T01:41:24.178Z,2025-03-24T01:41:24.191Z,2025-03-24T01:41:24.191Z
67e0b844f1520764b1dbaad9,1926,Alexei Popyrin,Australia,ATP,26,1800,-3,2025-03-24T01:41:24.178Z,2025-03-24T01:41:24.191Z,2025-03-24T01:41:24.191Z
67e0b844f1520764b1dbaada,2959,Jiri Lehecka,Czech Republic,ATP,27,1745,1,2025-03-24T01:41:24.178Z,2025-03-24T01:41:24.191Z,2025-03-24T01:41:24.191Z
67e0b844f1520764b1dbaadb,431,Denis Shapovalov,Canada,ATP,28,1716,0,2025-03-24T01:41:24.178Z,2025-03-24T01:41:24.191Z,2025-03-24T01:41:24.191Z
67e0b844f1520764b1dbaadc,9222,Giovanni Mpetshi Perricard,France,ATP,29,1656,-3,2025-03-24T01:41:24.178Z,2025-03-24T01:41:24.191Z,2025-03-24T01:41:24.191Z
67e0b844f1520764b1dbaadd,2844,Matteo Berrettini,Italy,ATP,30,1580,1,2025-03-24T01:41:24.178Z,2025-03-24T01:41:24.191Z,2025-03-24T01:41:24.191Z
67e0b844f1520764b1dbaade,2982,Alejandro Tabilo,Chile,ATP,31,1555,0,2025-03-24T01:41:24.179Z,2025-03-24T01:41:24.191Z,2025-03-24T01:41:24.191Z
67e0b844f1520764b1dbaadf,2838,Brandon Nakashima,USA,ATP,32,1500,-1,2025-03-24T01:41:24.179Z,2025-03-24T01:41:24.191Z,2025-03-24T01:41:24.191Z
67e0b844f1520764b1dbaae0,10884,Alex Michelsen,USA,ATP,33,1465,2,2025-03-24T01:41:24.179Z,2025-03-24T01:41:24.191Z,2025-03-24T01:41:24.191Z
67e0b844f1520764b1dbaae1,427,Tallon Griekspoor,Netherlands,ATP,34,1420,-1,2025-03-24T01:41:24.179Z,2025-03-24T01:41:24.191Z,2025-03-24T01:41:24.191Z
67e0b844f1520764b1dbaae2,1192,Matteo Arnaldi,Italy,ATP,35,1410,0,2025-03-24T01:41:24.179Z,2025-03-24T01:41:24.191Z,2025-03-24T01:41:24.191Z
67e0b844f1520764b1dbaae3,1101,Sebastian Baez,Argentina,ATP,36,1385,1,2025-03-24T01:41:24.179Z,2025-03-24T01:41:24.192Z,2025-03-24T01:41:24.192Z
67e0b844f1520764b1dbaae4,207,Jordan Thompson,Australia,ATP,37,1375,-1,2025-03-24T01:41:24.179Z,2025-03-24T01:41:24.192Z,2025-03-24T01:41:24.192Z
67e0b844f1520764b1dbaae5,2843,Lorenzo Sonego,Italy,ATP,38,1356,2,2025-03-24T01:41:24.179Z,2025-03-24T01:41:24.192Z,2025-03-24T01:41:24.192Z
67e0b844f1520764b1dbaae6,2842,Alejandro Davidovich Fokina,Spain,ATP,39,1325,0,2025-03-24T01:41:24.179Z,2025-03-24T01:41:24.192Z,2025-03-24T01:41:24.192Z
67e0b844f1520764b1dbaae7,1775,Pedro Martinez,Spain,ATP,40,1295,-3,2025-03-24T01:41:24.179Z,2025-03-24T01:41:24.192Z,2025-03-24T01:41:24.192Z
67e0b844f1520764b1dbaae8,374,Alexandre Muller,France,ATP,41,1287,-2,2025-03-24T01:41:24.179Z,2025-03-24T01:41:24.192Z,2025-03-24T01:41:24.192Z
67e0b844f1520764b1dbaae9,358,Nuno Borges,Portugal,ATP,42,1280,2,2025-03-24T01:41:24.179Z,2025-03-24T01:41:24.192Z,2025-03-24T01:41:24.192Z
67e0b844f1520764b1dbaaea,372,Flavio Cobolli,Italy,ATP,43,1280,2,2025-03-24T01:41:24.179Z,2025-03-24T01:41:24.192Z,2025-03-24T01:41:24.192Z
67e0b844f1520764b1dbaaeb,1777,Martin Etcheverry Tomas,Argentina,ATP,44,1275,-1,2025-03-24T01:41:24.179Z,2025-03-24T01:41:24.192Z,2025-03-24T01:41:24.192Z
67e0b844f1520764b1dbaaec,1766,Marcos Giron,USA,ATP,45,1240,-2,2025-03-24T01:41:24.179Z,2025-03-24T01:41:24.192Z,2025-03-24T01:41:24.192Z
67e0b844f1520764b1dbaaed,2845,Gael Monfils,France,ATP,46,1230,1,2025-03-24T01:41:24.179Z,2025-03-24T01:41:24.192Z,2025-03-24T01:41:24.192Z
67e0b844f1520764b1dbaaee,400,Nicolas Jarry,Chile,ATP,47,1165,0,2025-03-24T01:41:24.179Z,2025-03-24T01:41:24.192Z,2025-03-24T01:41:24.192Z
67e0b844f1520764b1dbaaef,2848,Miomir Kecmanovic,Serbia,ATP,48,1161,-2,2025-03-24T01:41:24.179Z,2025-03-24T01:41:24.192Z,2025-03-24T01:41:24.192Z
67e0b844f1520764b1dbaaf0,2831,Jan-Lennard Struff,Germany,ATP,49,1160,3,2025-03-24T01:41:24.179Z,2025-03-24T01:41:24.192Z,2025-03-24T01:41:24.192Z
67e0b844f1520764b1dbaaf1,2734,Roberto Bautista-Agut,Spain,ATP,50,1089,0,2025-03-24T01:41:24.179Z,2025-03-24T01:41:24.192Z,2025-03-24T01:41:24.192Z
67e0b844f1520764b1dbaaf2,1064,Zizou Bergs,Belgium,ATP,51,1065,-2,2025-03-24T01:41:24.179Z,2025-03-24T01:41:24.192Z,2025-03-24T01:41:24.192Z
67e0b844f1520764b1dbaaf3,590,Zhizhen Zhang,China,ATP,52,1055,2,2025-03-24T01:41:24.179Z,2025-03-24T01:41:24.192Z,2025-03-24T01:41:24.192Z
67e0b844f1520764b1dbaaf4,593,Roberto Carballes Baena,Spain,ATP,53,1051,3,2025-03-24T01:41:24.179Z,2025-03-24T01:41:24.192Z,2025-03-24T01:41:24.192Z
67e0b844f1520764b1dbaaf5,902,Jakub Mensik,Czech Republic,ATP,54,1042,-2,2025-03-24T01:41:24.179Z,2025-03-24T01:41:24.192Z,2025-03-24T01:41:24.192Z
67e0b844f1520764b1dbaaf6,2385,David Goffin,Belgium,ATP,55,1003,-3,2025-03-24T01:41:24.179Z,2025-03-24T01:41:24.192Z,2025-03-24T01:41:24.192Z
67e0b844f1520764b1dbaaf7,2083,Jaume Munar,Spain,ATP,56,992,-3,2025-03-24T01:41:24.179Z,2025-03-24T01:41:24.192Z,2025-03-24T01:41:24.192Z
67e0b844f1520764b1dbaaf8,1925,Quentin Halys,France,ATP,57,981,-2,2025-03-24T01:41:24.179Z,2025-03-24T01:41:24.192Z,2025-03-24T01:41:24.192Z
67e0b844f1520764b1dbaaf9,2413,Juncheng Shang,China,ATP,58,975,3,2025-03-24T01:41:24.179Z,2025-03-24T01:41:24.192Z,2025-03-24T01:41:24.192Z
67e0b844f1520764b1dbaafa,10148,Fabian Marozsan,Hungary,ATP,59,965,1,2025-03-24T01:41:24.179Z,2025-03-24T01:41:24.192Z,2025-03-24T01:41:24.192Z
67e0b844f1520764b1dbaafb,40058,Joao Fonseca,Brazil,ATP,60,955,-3,2025-03-24T01:41:24.179Z,2025-03-24T01:41:24.192Z,2025-03-24T01:41:24.192Z
67e0b844f1520764b1dbaafc,8781,Luciano Darderi,Italy,ATP,61,945,2,2025-03-24T01:41:24.179Z,2025-03-24T01:41:24.192Z,2025-03-24T01:41:24.192Z
67e0b844f1520764b1dbaafd,949,Mariano Navone,Argentina,ATP,62,925,-1,2025-03-24T01:41:24.179Z,2025-03-24T01:41:24.192Z,2025-03-24T01:41:24.192Z
67e0b844f1520764b1dbaafe,1771,Benjamin Bonzi,France,ATP,63,920,3,2025-03-24T01:41:24.179Z,2025-03-24T01:41:24.192Z,2025-03-24T01:41:24.192Z
67e0b844f1520764b1dbaaff,2985,Kei Nishikori,Japan,ATP,64,873,-2,2025-03-24T01:41:24.179Z,2025-03-24T01:41:24.192Z,2025-03-24T01:41:24.192Z
67e0b844f1520764b1dbab00,401,Camilo Ugo Carabelli,Argentina,ATP,65,870,1,2025-03-24T01:41:24.179Z,2025-03-24T01:41:24.192Z,2025-03-24T01:41:24.192Z
67e0b844f1520764b1dbab01,10520,Learner Tien,USA,ATP,66,867,-3,2025-03-24T01:41:24.179Z,2025-03-24T01:41:24.192Z,2025-03-24T01:41:24.192Z
67e0b844f1520764b1dbab02,2084,Francisco Comesana,Argentina,ATP,67,866,2,2025-03-24T01:41:24.179Z,2025-03-24T01:41:24.192Z,2025-03-24T01:41:24.192Z
67e0b844f1520764b1dbab03,1972,Yoshihito Nishioka,Japan,ATP,68,859,2,2025-03-24T01:41:24.179Z,2025-03-24T01:41:24.192Z,2025-03-24T01:41:24.192Z
67e0b844f1520764b1dbab04,796,Yunchaokete Bu,China,ATP,69,855,-2,2025-03-24T01:41:24.179Z,2025-03-24T01:41:24.192Z,2025-03-24T01:41:24.192Z
67e0b844f1520764b1dbab05,1079,Damir Dzumhur,Bosnia and Herzegovina,ATP,70,852,-3,2025-03-24T01:41:24.179Z,2025-03-24T01:41:24.192Z,2025-03-24T01:41:24.192Z
67e0b844f1520764b1dbab06,1057,Roman Safiullin,World,ATP,71,851,2,2025-03-24T01:41:24.179Z,2025-03-24T01:41:24.192Z,2025-03-24T01:41:24.192Z
67e0b844f1520764b1dbab07,2112,Mattia Bellucci,Italy,ATP,72,838,1,2025-03-24T01:41:24.179Z,2025-03-24T01:41:24.192Z,2025-03-24T01:41:24.192Z
67e0b844f1520764b1dbab08,2677,Hamad Medjedovic,Serbia,ATP,73,829,2,2025-03-24T01:41:24.179Z,2025-03-24T01:41:24.192Z,2025-03-24T01:41:24.192Z
67e0b844f1520764b1dbab09,1902,Arthur Rinderknech,France,ATP,74,821,3,2025-03-24T01:41:24.180Z,2025-03-24T01:41:24.192Z,2025-03-24T01:41:24.192Z
67e0b844f1520764b1dbab0a,2386,Laslo Djere,Serbia,ATP,75,821,3,2025-03-24T01:41:24.180Z,2025-03-24T01:41:24.192Z,2025-03-24T01:41:24.192Z
67e0b844f1520764b1dbab0b,2674,Corentin Moutet,France,ATP,76,814,-3,2025-03-24T01:41:24.180Z,2025-03-24T01:41:24.192Z,2025-03-24T01:41:24.192Z
67e0b844f1520764b1dbab0c,360,Aleksandar Vukic,Australia,ATP,77,814,2,2025-03-24T01:41:24.180Z,2025-03-24T01:41:24.192Z,2025-03-24T01:41:24.192Z
67e0b844f1520764b1dbab0d,421,Christopher O'Connell,Australia,ATP,78,805,1,2025-03-24T01:41:24.180Z,2025-03-24T01:41:24.192Z,2025-03-24T01:41:24.192Z
67e0b844f1520764b1dbab0e,2978,Aleksandar Kovacevic,USA,ATP,79,800,-3,2025-03-24T01:41:24.180Z,2025-03-24T01:41:24.192Z,2025-03-24T01:41:24.192Z
67e0b844f1520764b1dbab0f,1895,Alexander Bublik,Kazakhstan,ATP,80,785,-1,2025-03-24T01:41:24.180Z,2025-03-24T01:41:24.192Z,2025-03-24T01:41:24.192Z
67e0b844f1520764b1dbab10,1103,Cameron Norrie,United Kingdom,ATP,81,784,2,2025-03-24T01:41:24.180Z,2025-03-24T01:41:24.192Z,2025-03-24T01:41:24.192Z
67e0b844f1520764b1dbab11,1099,Daniel Altmaier,Germany,ATP,82,783,3,2025-03-24T01:41:24.180Z,2025-03-24T01:41:24.192Z,2025-03-24T01:41:24.192Z
67e0b844f1520764b1dbab12,12951,Jacob Fearnley,United Kingdom,ATP,83,770,2,2025-03-24T01:41:24.180Z,2025-03-24T01:41:24.192Z,2025-03-24T01:41:24.192Z
67e0b844f1520764b1dbab13,386,Luca Nardi,Italy,ATP,84,762,2,2025-03-24T01:41:24.180Z,2025-03-24T01:41:24.192Z,2025-03-24T01:41:24.192Z
67e0b844f1520764b1dbab14,2972,Botic Van De Zandschulp,Netherlands,ATP,85,760,0,2025-03-24T01:41:24.180Z,2025-03-24T01:41:24.192Z,2025-03-24T01:41:24.192Z
67e0b844f1520764b1dbab15,3317,Rinky Hijikata,Australia,ATP,86,752,1,2025-03-24T01:41:24.180Z,2025-03-24T01:41:24.192Z,2025-03-24T01:41:24.192Z
67e0b844f1520764b1dbab16,9909,Gabriel Diallo,Canada,ATP,87,730,-1,2025-03-24T01:41:24.180Z,2025-03-24T01:41:24.193Z,2025-03-24T01:41:24.193Z
67e0b844f1520764b1dbab17,1102,Hugo Gaston,France,ATP,88,711,-3,2025-03-24T01:41:24.180Z,2025-03-24T01:41:24.193Z,2025-03-24T01:41:24.193Z
67e0b844f1520764b1dbab18,10070,Adam Walton,Australia,ATP,89,666,-2,2025-03-24T01:41:24.180Z,2025-03-24T01:41:24.193Z,2025-03-24T01:41:24.193Z
67e0b844f1520764b1dbab19,2833,Marton Fucsovics,Hungary,ATP,90,666,2,2025-03-24T01:41:24.180Z,2025-03-24T01:41:24.193Z,2025-03-24T01:41:24.193Z
67e0b844f1520764b1dbab1a,825,Raphael Collignon,Belgium,ATP,91,652,-1,2025-03-24T01:41:24.180Z,2025-03-24T01:41:24.193Z,2025-03-24T01:41:24.193Z
67e0b844f1520764b1dbab1b,824,Jaime Faria,Portugal,ATP,92,649,2,2025-03-24T01:41:24.180Z,2025-03-24T01:41:24.193Z,2025-03-24T01:41:24.193Z
67e0b844f1520764b1dbab1c,426,Thanasi Kokkinakis,Australia,ATP,93,648,1,2025-03-24T01:41:24.180Z,2025-03-24T01:41:24.193Z,2025-03-24T01:41:24.193Z
67e0b844f1520764b1dbab1d,8442,Francesco Passaro,Italy,ATP,94,646,3,2025-03-24T01:41:24.180Z,2025-03-24T01:41:24.193Z,2025-03-24T01:41:24.193Z
67e0b844f1520764b1dbab1e,1900,James Duckworth,Australia,ATP,95,638,-3,2025-03-24T01:41:24.180Z,2025-03-24T01:41:24.193Z,2025-03-24T01:41:24.193Z
67e0b844f1520764b1dbab1f,1086,Thiago Seyboth Wild,Brazil,ATP,96,617,2,2025-03-24T01:41:24.180Z,2025-03-24T01:41:24.193Z,2025-03-24T01:41:24.193Z
67e0b844f1520764b1dbab20,1091,Fabio Fognini,Italy,ATP,97,607,1,2025-03-24T01:41:24.180Z,2025-03-24T01:41:24.193Z,2025-03-24T01:41:24.193Z
67e0b844f1520764b1dbab21,566,Alexander Shevchenko,Kazakhstan,ATP,98,598,0,2025-03-24T01:41:24.180Z,2025-03-24T01:41:24.193Z,2025-03-24T01:41:24.193Z
67e0b844f1520764b1dbab22,1074,Thiago Monteiro,Brazil,ATP,99,590,-1,2025-03-24T01:41:24.180Z,2025-03-24T01:41:24.193Z,2025-03-24T01:41:24.193Z
67e0b844f1520764b1dbab23,15270,Nishesh Basavareddy,USA,ATP,100,585,-3,2025-03-24T01:41:24.180Z,2025-03-24T01:41:24.193Z,2025-03-24T01:41:24.193Z
67e0b844f1520764b1dbab24,1989,Aryna Sabalenka,World,WTA,1,9606,0,2025-03-24T01:41:24.180Z,2025-03-24T01:41:24.193Z,2025-03-24T01:41:24.193Z
67e0b844f1520764b1dbab25,1910,Iga Swiatek,Poland,WTA,2,7375,0,2025-03-24T01:41:24.180Z,2025-03-24T01:41:24.193Z,2025-03-24T01:41:24.193Z
67e0b844f1520764b1dbab26,2176,Coco Gauff,USA,WTA,3,6063,0,2025-03-24T01:41:24.180Z,2025-03-24T01:41:24.193Z,2025-03-24T01:41:24.193Z
67e0b844f1520764b1dbab27,2171,Jessica Pegula,USA,WTA,4,5361,0,2025-03-24T01:41:24.180Z,2025-03-24T01:41:24.193Z,2025-03-24T01:41:24.193Z
67e0b844f1520764b1dbab28,2692,Madison Keys,USA,WTA,5,5004,0,2025-03-24T01:41:24.180Z,2025-03-24T01:41:24.193Z,2025-03-24T01:41:24.193Z
67e0b844f1520764b1dbab29,9534,Mirra Andreeva,World,WTA,6,4710,-3,2025-03-24T01:41:24.180Z,2025-03-24T01:41:24.193Z,2025-03-24T01:41:24.193Z
67e0b844f1520764b1dbab2a,2811,Jasmine Paolini,Italy,WTA,7,4518,1,2025-03-24T01:41:24.180Z,2025-03-24T01:41:24.193Z,2025-03-24T01:41:24.193Z
67e0b844f1520764b1dbab2b,2172,Elena Rybakina,Kazakhstan,WTA,8,4448,1,2025-03-24T01:41:24.180Z,2025-03-24T01:41:24.193Z,2025-03-24T01:41:24.193Z
67e0b844f1520764b1dbab2c,1813,Qinwen Zheng,China,WTA,9,3985,0,2025-03-24T01:41:24.180Z,2025-03-24T01:41:24.193Z,2025-03-24T01:41:24.193Z
67e0b844f1520764b1dbab2d,2823,Emma Navarro,USA,WTA,10,3859,2,2025-03-24T01:41:24.180Z,2025-03-24T01:41:24.193Z,2025-03-24T01:41:24.193Z
67e0b844f1520764b1dbab2e,2178,Paula Badosa,Spain,WTA,11,3736,2,2025-03-24T01:41:24.180Z,2025-03-24T01:41:24.193Z,2025-03-24T01:41:24.193Z
67e0b844f1520764b1dbab2f,1990,Daria Kasatkina,World,WTA,12,3061,0,2025-03-24T01:41:24.180Z,2025-03-24T01:41:24.193Z,2025-03-24T01:41:24.193Z
67e0b844f1520764b1dbab30,7403,Diana Shnaider,World,WTA,13,2938,0,2025-03-24T01:41:24.180Z,2025-03-24T01:41:24.193Z,2025-03-24T01:41:24.193Z
67e0b844f1520764b1dbab31,2807,Karolina Muchova,Czech Republic,WTA,14,2854,-3,2025-03-24T01:41:24.180Z,2025-03-24T01:41:24.193Z,2025-03-24T01:41:24.193Z
67e0b844f1520764b1dbab32,34409,Danielle Collins,USA,WTA,15,2853,1,2025-03-24T01:41:24.181Z,2025-03-24T01:41:24.193Z,2025-03-24T01:41:24.193Z
67e0b844f1520764b1dbab33,2801,Barbora Krejcikova,Czech Republic,WTA,16,2675,0,2025-03-24T01:41:24.181Z,2025-03-24T01:41:24.193Z,2025-03-24T01:41:24.193Z
67e0b844f1520764b1dbab34,2074,Amanda Anisimova,USA,WTA,17,2335,-1,2025-03-24T01:41:24.181Z,2025-03-24T01:41:24.193Z,2025-03-24T01:41:24.193Z
67e0b844f1520764b1dbab35,1951,Beatriz Haddad Maia,Brazil,WTA,18,2314,3,2025-03-24T01:41:24.181Z,2025-03-24T01:41:24.193Z,2025-03-24T01:41:24.193Z
67e0b844f1520764b1dbab36,455,Donna Vekic,Croatia,WTA,19,2166,-3,2025-03-24T01:41:24.181Z,2025-03-24T01:41:24.193Z,2025-03-24T01:41:24.193Z
67e0b844f1520764b1dbab37,2392,Ekaterina Alexandrova,World,WTA,20,2158,1,2025-03-24T01:41:24.181Z,2025-03-24T01:41:24.193Z,2025-03-24T01:41:24.193Z
67e0b844f1520764b1dbab38,2815,Liudmila Samsonova,World,WTA,21,2150,-2,2025-03-24T01:41:24.181Z,2025-03-24T01:41:24.193Z,2025-03-24T01:41:24.193Z
67e0b844f1520764b1dbab39,2816,Elina Svitolina,Ukraine,WTA,22,2130,-1,2025-03-24T01:41:24.181Z,2025-03-24T01:41:24.193Z,2025-03-24T01:41:24.193Z
67e0b844f1520764b1dbab3a,3007,Clara Tauson,Denmark,WTA,23,2114,1,2025-03-24T01:41:24.181Z,2025-03-24T01:41:24.193Z,2025-03-24T01:41:24.193Z
67e0b844f1520764b1dbab3b,2177,Yulia Putintseva,Kazakhstan,WTA,24,2028,2,2025-03-24T01:41:24.181Z,2025-03-24T01:41:24.193Z,2025-03-24T01:41:24.193Z
67e0b844f1520764b1dbab3c,2802,Jelena Ostapenko,Latvia,WTA,25,1842,-3,2025-03-24T01:41:24.181Z,2025-03-24T01:41:24.193Z,2025-03-24T01:41:24.193Z
67e0b844f1520764b1dbab3d,2394,Leylah Fernandez,Canada,WTA,26,1763,-2,2025-03-24T01:41:24.181Z,2025-03-24T01:41:24.193Z,2025-03-24T01:41:24.193Z
67e0b844f1520764b1dbab3e,2089,Magdalena Frech,Poland,WTA,27,1712,-1,2025-03-24T01:41:24.181Z,2025-03-24T01:41:24.193Z,2025-03-24T01:41:24.193Z
67e0b844f1520764b1dbab3f,521,Elise Mertens,Belgium,WTA,28,1701,0,2025-03-24T01:41:24.181Z,2025-03-24T01:41:24.193Z,2025-03-24T01:41:24.193Z
67e0b844f1520764b1dbab40,1828,Marta Kostyuk,Ukraine,WTA,29,1685,3,2025-03-24T01:41:24.181Z,2025-03-24T01:41:24.193Z,2025-03-24T01:41:24.193Z
67e0b844f1520764b1dbab41,1911,Ons Jabeur,Tunisia,WTA,30,1669,-1,2025-03-24T01:41:24.181Z,2025-03-24T01:41:24.193Z,2025-03-24T01:41:24.193Z
67e0b844f1520764b1dbab42,447,Linda Noskova,Czech Republic,WTA,31,1628,0,2025-03-24T01:41:24.181Z,2025-03-24T01:41:24.193Z,2025-03-24T01:41:24.193Z
67e0b844f1520764b1dbab43,2174,Victoria Azarenka,World,WTA,32,1582,-1,2025-03-24T01:41:24.181Z,2025-03-24T01:41:24.193Z,2025-03-24T01:41:24.193Z
67e0b844f1520764b1dbab44,1820,Anna Kalinskaya,World,WTA,33,1579,0,2025-03-24T01:41:24.181Z,2025-03-24T01:41:24.193Z,2025-03-24T01:41:24.193Z
67e0b844f1520764b1dbab45,1154,Magda Linette,Poland,WTA,34,1504,-2,2025-03-24T01:41:24.181Z,2025-03-24T01:41:24.193Z,2025-03-24T01:41:24.193Z
67e0b844f1520764b1dbab46,2993,Katie Boulter,United Kingdom,WTA,35,1476,-1,2025-03-24T01:41:24.181Z,2025-03-24T01:41:24.193Z,2025-03-24T01:41:24.193Z
67e0b844f1520764b1dbab47,1810,Elina Avanesyan,Armenia,WTA,36,1435,-2,2025-03-24T01:41:24.181Z,2025-03-24T01:41:24.193Z,2025-03-24T01:41:24.193Z
67e0b844f1520764b1dbab48,449,Rebecca Sramkova,Slovakia,WTA,37,1395,0,2025-03-24T01:41:24.181Z,2025-03-24T01:41:24.193Z,2025-03-24T01:41:24.193Z
67e0b844f1520764b1dbab49,457,Anastasia Potapova,World,WTA,38,1384,1,2025-03-24T01:41:24.181Z,2025-03-24T01:41:24.193Z,2025-03-24T01:41:24.193Z
67e0b844f1520764b1dbab4a,1812,Xinyu Wang,China,WTA,39,1353,-1,2025-03-24T01:41:24.181Z,2025-03-24T01:41:24.193Z,2025-03-24T01:41:24.193Z
67e0b844f1520764b1dbab4b,196,Ashlyn Krueger,USA,WTA,40,1351,-2,2025-03-24T01:41:24.181Z,2025-03-24T01:41:24.193Z,2025-03-24T01:41:24.193Z
67e0b844f1520764b1dbab4c,494,Olga Danilovic,Serbia,WTA,41,1313,-1,2025-03-24T01:41:24.181Z,2025-03-24T01:41:24.193Z,2025-03-24T01:41:24.193Z
67e0b844f1520764b1dbab4d,2813,Dayana Yastremska,Ukraine,WTA,42,1284,-2,2025-03-24T01:41:24.181Z,2025-03-24T01:41:24.193Z,2025-03-24T01:41:24.193Z
67e0b844f1520764b1dbab4e,2827,Peyton Stearns,USA,WTA,43,1266,-3,2025-03-24T01:41:24.181Z,2025-03-24T01:41:24.193Z,2025-03-24T01:41:24.193Z
67e0b844f1520764b1dbab4f,1815,Lulu Sun,New Zealand,WTA,44,1243,-3,2025-03-24T01:41:24.181Z,2025-03-24T01:41:24.193Z,2025-03-24T01:41:24.193Z
67e0b844f1520764b1dbab50,2387,Belinda Bencic,Switzerland,WTA,45,1243,-3,2025-03-24T01:41:24.181Z,2025-03-24T01:41:24.193Z,2025-03-24T01:41:24.193Z
67e0b844f1520764b1dbab51,2904,Sofia Kenin,USA,WTA,46,1238,-1,2025-03-24T01:41:24.181Z,2025-03-24T01:41:24.193Z,2025-03-24T01:41:24.193Z
67e0b844f1520764b1dbab52,2694,Anastasia Pavlyuchenkova,World,WTA,47,1228,1,2025-03-24T01:41:24.181Z,2025-03-24T01:41:24.193Z,2025-03-24T01:41:24.193Z
67e0b844f1520764b1dbab53,22072,McCartney Kessler,USA,WTA,48,1215,0,2025-03-24T01:41:24.181Z,2025-03-24T01:41:24.193Z,2025-03-24T01:41:24.193Z
67e0b844f1520764b1dbab54,2814,Marketa Vondrousova,Czech Republic,WTA,49,1176,2,2025-03-24T01:41:24.181Z,2025-03-24T01:41:24.193Z,2025-03-24T01:41:24.193Z
67e0b844f1520764b1dbab55,2820,Marie Bouzkova,Czech Republic,WTA,50,1142,0,2025-03-24T01:41:24.181Z,2025-03-24T01:41:24.193Z,2025-03-24T01:41:24.193Z
67e0b844f1520764b1dbab56,2076,Maria Sakkari,Greece,WTA,51,1134,3,2025-03-24T01:41:24.181Z,2025-03-24T01:41:24.193Z,2025-03-24T01:41:24.193Z
67e0b844f1520764b1dbab57,2810,Veronika Kudermetova,World,WTA,52,1106,3,2025-03-24T01:41:24.181Z,2025-03-24T01:41:24.193Z,2025-03-24T01:41:24.193Z
67e0b844f1520764b1dbab58,153,Moyuka Uchijima,Japan,WTA,53,1103,2,2025-03-24T01:41:24.181Z,2025-03-24T01:41:24.193Z,2025-03-24T01:41:24.193Z
67e0b844f1520764b1dbab59,2390,Camila Osorio,Colombia,WTA,54,1088,2,2025-03-24T01:41:24.181Z,2025-03-24T01:41:24.193Z,2025-03-24T01:41:24.193Z
67e0b844f1520764b1dbab5a,2393,Anhelina Kalinina,Ukraine,WTA,55,1072,1,2025-03-24T01:41:24.181Z,2025-03-24T01:41:24.193Z,2025-03-24T01:41:24.193Z
67e0b844f1520764b1dbab5b,9259,Polina Kudermetova,World,WTA,56,1054,-1,2025-03-24T01:41:24.181Z,2025-03-24T01:41:24.193Z,2025-03-24T01:41:24.193Z
67e0b844f1520764b1dbab5c,3006,Katerina Siniakova,Czech Republic,WTA,57,1040,-1,2025-03-24T01:41:24.181Z,2025-03-24T01:41:24.193Z,2025-03-24T01:41:24.193Z
67e0b844f1520764b1dbab5d,154,Jessica Bouzas Maneiro,Spain,WTA,58,1033,1,2025-03-24T01:41:24.181Z,2025-03-24T01:41:24.193Z,2025-03-24T01:41:24.193Z
67e0b844f1520764b1dbab5e,1792,Alycia Parks,USA,WTA,59,1028,-2,2025-03-24T01:41:24.181Z,2025-03-24T01:41:24.193Z,2025-03-24T01:41:24.193Z
67e0b844f1520764b1dbab5f,2996,Emma Raducanu,United Kingdom,WTA,60,1007,3,2025-03-24T01:41:24.182Z,2025-03-24T01:41:24.193Z,2025-03-24T01:41:24.193Z
67e0b844f1520764b1dbab60,2685,Naomi Osaka,Japan,WTA,61,994,2,2025-03-24T01:41:24.182Z,2025-03-24T01:41:24.193Z,2025-03-24T01:41:24.193Z
67e0b844f1520764b1dbab61,516,Lucia Bronzetti,Italy,WTA,62,993,0,2025-03-24T01:41:24.182Z,2025-03-24T01:41:24.193Z,2025-03-24T01:41:24.193Z
67e0b844f1520764b1dbab62,1961,Sonay Kartal,United Kingdom,WTA,63,993,-2,2025-03-24T01:41:24.182Z,2025-03-24T01:41:24.193Z,2025-03-24T01:41:24.193Z
67e0b844f1520764b1dbab63,499,Viktoriya Tomova,Bulgaria,WTA,64,981,1,2025-03-24T01:41:24.182Z,2025-03-24T01:41:24.193Z,2025-03-24T01:41:24.193Z
67e0b844f1520764b1dbab64,1913,Varvara Gracheva,France,WTA,65,970,-1,2025-03-24T01:41:24.182Z,2025-03-24T01:41:24.193Z,2025-03-24T01:41:24.193Z
67e0b844f1520764b1dbab65,2997,Ann Li,USA,WTA,66,970,0,2025-03-24T01:41:24.182Z,2025-03-24T01:41:24.193Z,2025-03-24T01:41:24.193Z
67e0b844f1520764b1dbab66,510,Mayar Sherif,Egypt,WTA,67,956,0,2025-03-24T01:41:24.182Z,2025-03-24T01:41:24.193Z,2025-03-24T01:41:24.193Z
67e0b844f1520764b1dbab67,92,Kimberly Birrell,Australia,WTA,68,952,-3,2025-03-24T01:41:24.182Z,2025-03-24T01:41:24.193Z,2025-03-24T01:41:24.193Z
67e0b844f1520764b1dbab68,2828,Irina-Camelia Begu,Romania,WTA,69,941,-1,2025-03-24T01:41:24.182Z,2025-03-24T01:41:24.193Z,2025-03-24T01:41:24.193Z
67e0b844f1520764b1dbab69,450,Suzan Lamens,Netherlands,WTA,70,937,2,2025-03-24T01:41:24.182Z,2025-03-24T01:41:24.193Z,2025-03-24T01:41:24.193Z
67e0b844f1520764b1dbab6a,1805,Renata Zarazua,Mexico,WTA,71,932,1,2025-03-24T01:41:24.182Z,2025-03-24T01:41:24.193Z,2025-03-24T01:41:24.193Z
67e0b844f1520764b1dbab6b,2992,Jaqueline Cristian,Romania,WTA,72,926,-1,2025-03-24T01:41:24.182Z,2025-03-24T01:41:24.193Z,2025-03-24T01:41:24.193Z
67e0b844f1520764b1dbab6c,2826,Katie Volynets,USA,WTA,73,918,2,2025-03-24T01:41:24.182Z,2025-03-24T01:41:24.193Z,2025-03-24T01:41:24.193Z
67e0b844f1520764b1dbab6d,1148,Caroline Garcia,France,WTA,74,909,2,2025-03-24T01:41:24.182Z,2025-03-24T01:41:24.193Z,2025-03-24T01:41:24.193Z
67e0b844f1520764b1dbab6e,482,Caroline Dolehide,USA,WTA,75,908,3,2025-03-24T01:41:24.182Z,2025-03-24T01:41:24.193Z,2025-03-24T01:41:24.193Z
67e0b844f1520764b1dbab6f,2088,Eva Lys,Germany,WTA,76,903,-1,2025-03-24T01:41:24.182Z,2025-03-24T01:41:24.193Z,2025-03-24T01:41:24.193Z
67e0b844f1520764b1dbab70,1140,Kamilla Rakhimova,World,WTA,77,902,3,2025-03-24T01:41:24.182Z,2025-03-24T01:41:24.193Z,2025-03-24T01:41:24.193Z
67e0b844f1520764b1dbab71,4062,Zeynep Sonmez,Turkey,WTA,78,888,3,2025-03-24T01:41:24.182Z,2025-03-24T01:41:24.193Z,2025-03-24T01:41:24.193Z
67e0b844f1520764b1dbab72,1802,Emiliana Arango,Colombia,WTA,79,874,-1,2025-03-24T01:41:24.182Z,2025-03-24T01:41:24.193Z,2025-03-24T01:41:24.193Z
67e0b844f1520764b1dbab73,52689,Maya Joint,Australia,WTA,80,853,-1,2025-03-24T01:41:24.182Z,2025-03-24T01:41:24.193Z,2025-03-24T01:41:24.193Z
67e0b844f1520764b1dbab74,464,Laura Siegemund,Germany,WTA,81,846,-2,2025-03-24T01:41:24.182Z,2025-03-24T01:41:24.193Z,2025-03-24T01:41:24.193Z
67e0b844f1520764b1dbab75,477,Elisabetta Cocciaretto,Italy,WTA,82,838,2,2025-03-24T01:41:24.182Z,2025-03-24T01:41:24.193Z,2025-03-24T01:41:24.193Z
67e0b844f1520764b1dbab76,2191,Greet Minnen,Belgium,WTA,83,822,-1,2025-03-24T01:41:24.182Z,2025-03-24T01:41:24.193Z,2025-03-24T01:41:24.193Z
67e0b844f1520764b1dbab77,518,Bernarda Pera,USA,WTA,84,812,3,2025-03-24T01:41:24.182Z,2025-03-24T01:41:24.193Z,2025-03-24T01:41:24.193Z
67e0b844f1520764b1dbab78,1779,Anna Blinkova,World,WTA,85,807,3,2025-03-24T01:41:24.182Z,2025-03-24T01:41:24.193Z,2025-03-24T01:41:24.193Z
67e0b844f1520764b1dbab79,2414,Tatjana Maria,Germany,WTA,86,806,-3,2025-03-24T01:41:24.182Z,2025-03-24T01:41:24.193Z,2025-03-24T01:41:24.193Z
67e0b844f1520764b1dbab7a,2910,Sara Sorribes Tormo,Spain,WTA,87,794,-3,2025-03-24T01:41:24.182Z,2025-03-24T01:41:24.193Z,2025-03-24T01:41:24.193Z
67e0b844f1520764b1dbab7b,1146,Ajla Tomljanovic,Australia,WTA,88,793,-1,2025-03-24T01:41:24.182Z,2025-03-24T01:41:24.193Z,2025-03-24T01:41:24.193Z
67e0b844f1520764b1dbab7c,508,Arantxa Rus,Netherlands,WTA,89,781,-1,2025-03-24T01:41:24.182Z,2025-03-24T01:41:24.193Z,2025-03-24T01:41:24.193Z
67e0b844f1520764b1dbab7d,3214,Taylor Townsend,USA,WTA,90,772,1,2025-03-24T01:41:24.182Z,2025-03-24T01:41:24.193Z,2025-03-24T01:41:24.193Z
67e0b844f1520764b1dbab7e,454,Cristina Bucsa,Spain,WTA,91,767,-1,2025-03-24T01:41:24.182Z,2025-03-24T01:41:24.193Z,2025-03-24T01:41:24.193Z
67e0b844f1520764b1dbab7f,525,Viktorija Golubic,Switzerland,WTA,92,759,-2,2025-03-24T01:41:24.182Z,2025-03-24T01:41:24.193Z,2025-03-24T01:41:24.193Z
67e0b844f1520764b1dbab80,1112,Yue Yuan,China,WTA,93,745,2,2025-03-24T01:41:24.182Z,2025-03-24T01:41:24.193Z,2025-03-24T01:41:24.193Z
67e0b844f1520764b1dbab81,505,Anna Bondar,Hungary,WTA,94,744,-3,2025-03-24T01:41:24.182Z,2025-03-24T01:41:24.193Z,2025-03-24T01:41:24.193Z
67e0b844f1520764b1dbab82,1958,Erika Andreeva,World,WTA,95,742,3,2025-03-24T01:41:24.183Z,2025-03-24T01:41:24.193Z,2025-03-24T01:41:24.193Z
67e0b844f1520764b1dbab83,2077,Jil Teichmann,Switzerland,WTA,96,741,-3,2025-03-24T01:41:24.183Z,2025-03-24T01:41:24.193Z,2025-03-24T01:41:24.193Z
67e0b844f1520764b1dbab84,187,Lourdes Carle Maria,Argentina,WTA,97,739,-3,2025-03-24T01:41:24.183Z,2025-03-24T01:41:24.193Z,2025-03-24T01:41:24.193Z
67e0b844f1520764b1dbab85,490,Hailey Baptiste,USA,WTA,98,736,-3,2025-03-24T01:41:24.183Z,2025-03-24T01:41:24.193Z,2025-03-24T01:41:24.193Z
67e0b844f1520764b1dbab86,1809,Olivia Gadecki,Australia,WTA,99,732,0,2025-03-24T01:41:24.183Z,2025-03-24T01:41:24.193Z,2025-03-24T01:41:24.193Z
67e0b844f1520764b1dbab87,10891,Alexia Todoni Anca,Romania,WTA,100,718,-1,2025-03-24T01:41:24.183Z,2025-03-24T01:41:24.193Z,2025-03-24T01:41:24.193Z
